noise_std,seed,base_seed,seed_list,repeat_count,pairing_strategy,final_state_norm,settling_time,settling_time_s,quadratic_cost,integrated_squared_control_effort,control_energy,max_abs_control
0.0,7,7,7;8;9,3,common random-number realizations across noise amplitudes,3.398057334902547e-07,3.2600000000000002,3.2600000000000002,14.964838394987384,3.940251319720128,3.940251319720128,2.0
0.0,8,7,7;8;9,3,common random-number realizations across noise amplitudes,3.398057334902547e-07,3.2600000000000002,3.2600000000000002,14.964838394987384,3.940251319720128,3.940251319720128,2.0
0.0,9,7,7;8;9,3,common random-number realizations across noise amplitudes,3.398057334902547e-07,3.2600000000000002,3.2600000000000002,14.964838394987384,3.940251319720128,3.940251319720128,2.0
0.01,7,7,7;8;9,3,common random-number realizations across noise amplitudes,0.000754045941850704,3.23,3.23,14.97542427035029,3.964382215690083,3.964382215690083,2.0
0.01,8,7,7;8;9,3,common random-number realizations across noise amplitudes,0.0004026256266610623,3.2800000000000002,3.2800000000000002,14.974506375564047,3.9601689167979397,3.9601689167979397,2.0
0.01,9,7,7;8;9,3,common random-number realizations across noise amplitudes,0.0014902037009904448,3.27,3.27,14.973403186241653,3.9530499578338825,3.9530499578338825,2.0
0.05,7,7,7;8;9,3,common random-number realizations across noise amplitudes,0.0037551276607710677,9.68,9.68,15.201954117515559,4.406657065209734,4.406657065209734,2.0
0.05,8,7,7;8;9,3,common random-number realizations across noise amplitudes,0.002040625108800125,8.26,8.26,15.190244109963615,4.362382909344161,4.362382909344161,2.0
0.05,9,7,7;8;9,3,common random-number realizations across noise amplitudes,0.007443128985666493,4.63,4.63,15.184340363432964,4.339907365098696,4.339907365098696,2.0
0.1,7,7,7;8;9,3,common random-number realizations across noise amplitudes,0.007470070174836469,9.83,9.83,15.89327107200604,5.728127660688735,5.728127660688735,2.0
0.1,8,7,7;8;9,3,common random-number realizations across noise amplitudes,0.004148268862369386,9.97,9.97,15.871998271245406,5.644249876263099,5.644249876263099,2.0
0.1,9,7,7;8;9,3,common random-number realizations across noise amplitudes,0.01486316227721446,9.96,9.96,15.836527598211887,5.547078471104508,5.547078471104508,2.0
