initial_position,initial_velocity,controller,control_limit,final_state_norm,settling_time,settling_time_s,quadratic_cost,integrated_squared_control_effort,control_energy,max_abs_control
1.5,0.0,LQR,none,3.3512211263852907e-06,3.37,3.37,14.648088325259712,4.456642635355885,4.456642635355885,4.348469228349529
-1.5,0.0,LQR,none,3.3512211263852907e-06,3.37,3.37,14.648088325259712,4.456642635355885,4.456642635355885,4.348469228349529
1.0,1.5,LQR,none,3.0970423618290686e-06,3.5,3.5,13.582997380405825,7.576846237440819,7.576846237440819,6.530457677055536
-1.0,-1.5,LQR,none,3.0970423618290686e-06,3.5,3.5,13.582997380405825,7.576846237440819,7.576846237440819,6.530457677055536
0.5,-2.0,LQR,none,5.018394958296524e-07,2.56,2.56,3.5708128507878527,4.151303514719733,4.151303514719733,3.392481179202401
1.5,0.0,Neural network,none,2.7936295959393497e-07,3.25,3.25,14.680261436766918,4.733569645274229,4.733569645274229,4.450384616851807
-1.5,0.0,Neural network,none,2.652795540386125e-07,3.2600000000000002,3.2600000000000002,14.674752257886176,4.693609298382431,4.693609298382431,4.505607604980469
1.0,1.5,Neural network,none,1.8067063453035617e-07,3.34,3.34,13.625494208697683,8.35334429655788,8.35334429655788,6.9777679443359375
-1.0,-1.5,Neural network,none,1.797040939953491e-07,3.35,3.35,13.627897769235725,8.406295979019045,8.406295979019045,7.052426338195801
0.5,-2.0,Neural network,none,1.2141156063153034e-07,2.44,2.44,3.617764406476404,4.707602589630223,4.707602589630223,3.630539655685425
1.5,0.0,Saturated LQR,2.0,3.462349948091276e-06,3.4,3.4,14.820024131666399,3.6163674038433395,3.6163674038433395,2.0
-1.5,0.0,Saturated LQR,2.0,3.462349948091276e-06,3.4,3.4,14.820024131666399,3.6163674038433395,3.6163674038433395,2.0
1.0,1.5,Saturated LQR,2.0,3.5668762961060435e-06,3.66,3.66,15.397616234477303,3.952186438991912,3.952186438991912,2.0
-1.0,-1.5,Saturated LQR,2.0,3.5668762961060435e-06,3.66,3.66,15.397616234477303,3.952186438991912,3.952186438991912,2.0
0.5,-2.0,Saturated LQR,2.0,7.954407518506352e-07,3.62,3.62,3.972724965765961,3.186244454995745,3.186244454995745,2.0
1.5,0.0,Saturated neural network,2.0,2.807282220091467e-07,3.2800000000000002,3.2800000000000002,14.850626812596992,3.860066433537473,3.860066433537473,2.0
-1.5,0.0,Saturated neural network,2.0,2.658232088437251e-07,3.29,3.29,14.846197697596066,3.809109625650881,3.809109625650881,2.0
1.0,1.5,Saturated neural network,2.0,1.6982408769923226e-07,3.52,3.52,15.424277019611091,4.1504614662877115,4.1504614662877115,2.0
-1.0,-1.5,Saturated neural network,2.0,1.7573175730719658e-07,3.54,3.54,15.420128789129551,4.106233628858093,4.106233628858093,2.0
0.5,-2.0,Saturated neural network,2.0,2.0900450783498345e-07,2.59,2.59,3.9803129440698957,3.2971430937467083,3.2971430937467083,2.0
