stability_weight,seed,base_seed,seed_list,repeat_count,pairing_strategy,decay_margin,epochs,final_total_loss,final_imitation_loss,final_stability_loss,max_vdot,max_decay_residual,derivative_violation_fraction,decay_margin_violation_fraction,final_state_norm,settling_time,settling_time_s,quadratic_cost,integrated_squared_control_effort,control_energy,max_abs_control
0.0,700,700,700;701;702,3,paired seeds across all stability weights,0.05,300,1.240213394165039,1.240213394165039,0.0,-0.03204738331856237,-0.031641133318562366,0.0,0.0,1.2122031527062004e-08,2.99,2.99,14.776272435128401,5.410421045046052,5.410421045046052,4.921253204345703
0.0,701,700,700;701;702,3,paired seeds across all stability weights,0.05,300,1.159010887145996,1.159010887145996,0.0,-0.032489173143964566,-0.03208292314396456,0.0,0.0,1.0900595181635867e-08,2.87,2.87,14.782773201358243,5.251558294415672,5.251558294415672,4.697868347167969
0.0,702,700,700;701;702,3,paired seeds across all stability weights,0.05,300,1.1593157052993774,1.1593157052993774,0.0,-0.03235575373930921,-0.03194950373930921,0.0,0.0,1.9476724176486353e-08,2.89,2.89,14.7717855272946,5.22392519677272,5.22392519677272,4.665539264678955
1.0,700,700,700;701;702,3,paired seeds across all stability weights,0.05,300,1.4702929258346558,1.4702929258346558,0.0,-0.03206120044709142,-0.03165495044709142,0.0,0.0,2.021903802446474e-08,2.88,2.88,14.819042252803364,5.5973176854465745,5.5973176854465745,5.020788192749023
1.0,701,700,700;701;702,3,paired seeds across all stability weights,0.05,300,1.3657881021499634,1.3657881021499634,0.0,-0.03273720963424298,-0.03233095963424298,0.0,0.0,5.967745336427627e-09,2.5500000000000003,2.5500000000000003,14.834420908021619,5.51559010362884,5.51559010362884,4.806193828582764
1.0,702,700,700;701;702,3,paired seeds across all stability weights,0.05,300,1.377573847770691,1.377573847770691,0.0,-0.03246681441857056,-0.03206056441857055,0.0,0.0,1.311097801993414e-08,2.63,2.63,14.829099883310322,5.500510283291822,5.500510283291822,4.809211254119873
10.0,700,700,700;701;702,3,paired seeds across all stability weights,0.05,300,2.610934019088745,2.610934019088745,0.0,-0.03213438934167357,-0.031728139341673574,0.0,0.0,7.975140887557462e-09,2.13,2.13,14.996997064650204,6.071697544422928,6.071697544422928,5.060749530792236
10.0,701,700,700;701;702,3,paired seeds across all stability weights,0.05,300,2.3157787322998047,2.3157787322998047,0.0,-0.0327650029786119,-0.0323587529786119,0.0,0.0,6.792823680946157e-09,2.12,2.12,14.970938807081808,6.028176094425327,6.028176094425327,4.875907897949219
10.0,702,700,700;701;702,3,paired seeds across all stability weights,0.05,300,2.3742897510528564,2.3742897510528564,0.0,-0.032474924596846984,-0.03206867459684698,0.0,0.0,4.688408300588623e-09,2.0300000000000002,2.0300000000000002,14.904517550235035,5.8591788520837245,5.8591788520837245,4.7610297203063965
50.0,700,700,700;701;702,3,paired seeds across all stability weights,0.05,300,5.584974765777588,5.584974765777588,0.0,-0.02927982067458303,-0.028998570674583033,0.0,0.0,2.2886172412625538e-07,3.25,3.25,14.705696409551475,4.235086368993116,4.235086368993116,3.529287815093994
50.0,701,700,700;701;702,3,paired seeds across all stability weights,0.05,300,5.753647804260254,5.753647804260254,0.0,-0.03171570120224014,-0.03143445120224014,0.0,0.0,1.4230521207416364e-07,3.29,3.29,14.929179295568446,3.6977951383915824,3.6977951383915824,2.952308177947998
50.0,702,700,700;701;702,3,paired seeds across all stability weights,0.05,300,6.568356037139893,6.568356037139893,0.0,-0.028428116126294065,-0.02814686612629407,0.0,0.0,4.4551356588098937e-07,3.47,3.47,15.039146057073863,3.270348721221881,3.270348721221881,2.5038249492645264
